{
    "model_name": "rf_direction_20d",
    "model_type": "direction",
    "target_horizon": 20,
    "target_column": "Target_Direction_20D",
    "params": {
        "n_estimators": 100,
        "max_depth": 10,
        "min_samples_split": 2,
        "min_samples_leaf": 1,
        "random_state": 42
    },
    "feature_columns": [
        "Close_^GSPC",
        "High_^GSPC",
        "Low_^GSPC",
        "Open_^GSPC",
        "Volume_^GSPC",
        "GDP",
        "UNRATE",
        "CPIAUCSL",
        "FEDFUNDS",
        "M2",
        "INDPRO",
        "UMCSENT",
        "HOUST",
        "PAYEMS",
        "PCE"
    ],
    "feature_importance": [
        0.1075657859253881,
        0.10404172510863396,
        0.09362352924995575,
        0.09391725291373597,
        0.05359702815363296,
        0.030428446520588355,
        0.026994899577685236,
        0.060634430531918554,
        0.0415399879474748,
        0.08048397500851207,
        0.061783259368753486,
        0.0640330888151764,
        0.0791053669835215,
        0.05127542517689292,
        0.05097579871813004
    ]
}